Date,First Run Time
2024-02-09,16:02:27
2024-02-10,10:36:34
2024-02-11,08:31:56
2024-02-12,09:12:31
2024-02-13,08:47:16
2024-02-14,10:32:02
2024-02-15,11:47:19
2024-02-16,09:11:00
2024-02-17,10:19:41
2024-02-18,08:34:26
2024-02-19,09:29:41
2024-02-20,10:21:59
2024-02-21,07:53:15
2024-02-22,08:49:39
2024-02-23,09:35:28
2024-02-24,09:33:00
2024-02-25,10:03:57
2024-02-26,08:27:17
2024-02-27,09:57:51
2024-02-28,08:54:07
2024-02-29,08:29:52
2024-03-03,09:28:32
2024-03-04,09:28:14
2024-03-05,08:43:57
2024-03-09,10:43:12
2024-03-11,08:31:20
2024-03-12,10:58:59
2024-03-20,19:42:55
